0;AgentTicketOffice(c3260add-1131-4991-9bfd-794b3ddb46bf);0
10;AgentTicketOffice(c3260add-1131-4991-9bfd-794b3ddb46bf);1
20;AgentTicketOffice(c3260add-1131-4991-9bfd-794b3ddb46bf);0
30;AgentTicketOffice(c3260add-1131-4991-9bfd-794b3ddb46bf);0
40;AgentTicketOffice(c3260add-1131-4991-9bfd-794b3ddb46bf);1
50;AgentTicketOffice(c3260add-1131-4991-9bfd-794b3ddb46bf);1
60;AgentTicketOffice(c3260add-1131-4991-9bfd-794b3ddb46bf);6
70;AgentTicketOffice(c3260add-1131-4991-9bfd-794b3ddb46bf);4
80;AgentTicketOffice(c3260add-1131-4991-9bfd-794b3ddb46bf);3
90;AgentTicketOffice(c3260add-1131-4991-9bfd-794b3ddb46bf);8
100;AgentTicketOffice(c3260add-1131-4991-9bfd-794b3ddb46bf);6
110;AgentTicketOffice(c3260add-1131-4991-9bfd-794b3ddb46bf);9
120;AgentTicketOffice(c3260add-1131-4991-9bfd-794b3ddb46bf);6
130;AgentTicketOffice(c3260add-1131-4991-9bfd-794b3ddb46bf);6
140;AgentTicketOffice(c3260add-1131-4991-9bfd-794b3ddb46bf);2
150;AgentTicketOffice(c3260add-1131-4991-9bfd-794b3ddb46bf);6
160;AgentTicketOffice(c3260add-1131-4991-9bfd-794b3ddb46bf);4
170;AgentTicketOffice(c3260add-1131-4991-9bfd-794b3ddb46bf);4
180;AgentTicketOffice(c3260add-1131-4991-9bfd-794b3ddb46bf);2
190;AgentTicketOffice(c3260add-1131-4991-9bfd-794b3ddb46bf);1
200;AgentTicketOffice(c3260add-1131-4991-9bfd-794b3ddb46bf);1
210;AgentTicketOffice(c3260add-1131-4991-9bfd-794b3ddb46bf);5
220;AgentTicketOffice(c3260add-1131-4991-9bfd-794b3ddb46bf);3
230;AgentTicketOffice(c3260add-1131-4991-9bfd-794b3ddb46bf);6
240;AgentTicketOffice(c3260add-1131-4991-9bfd-794b3ddb46bf);6
250;AgentTicketOffice(c3260add-1131-4991-9bfd-794b3ddb46bf);6
260;AgentTicketOffice(c3260add-1131-4991-9bfd-794b3ddb46bf);3
270;AgentTicketOffice(c3260add-1131-4991-9bfd-794b3ddb46bf);1
280;AgentTicketOffice(c3260add-1131-4991-9bfd-794b3ddb46bf);10
290;AgentTicketOffice(c3260add-1131-4991-9bfd-794b3ddb46bf);4
300;AgentTicketOffice(c3260add-1131-4991-9bfd-794b3ddb46bf);2
310;AgentTicketOffice(c3260add-1131-4991-9bfd-794b3ddb46bf);2
320;AgentTicketOffice(c3260add-1131-4991-9bfd-794b3ddb46bf);2
330;AgentTicketOffice(c3260add-1131-4991-9bfd-794b3ddb46bf);2
340;AgentTicketOffice(c3260add-1131-4991-9bfd-794b3ddb46bf);2
350;AgentTicketOffice(c3260add-1131-4991-9bfd-794b3ddb46bf);2
360;AgentTicketOffice(c3260add-1131-4991-9bfd-794b3ddb46bf);2
370;AgentTicketOffice(c3260add-1131-4991-9bfd-794b3ddb46bf);2
380;AgentTicketOffice(c3260add-1131-4991-9bfd-794b3ddb46bf);2
390;AgentTicketOffice(c3260add-1131-4991-9bfd-794b3ddb46bf);2
400;AgentTicketOffice(c3260add-1131-4991-9bfd-794b3ddb46bf);2
410;AgentTicketOffice(c3260add-1131-4991-9bfd-794b3ddb46bf);2
420;AgentTicketOffice(c3260add-1131-4991-9bfd-794b3ddb46bf);2
430;AgentTicketOffice(c3260add-1131-4991-9bfd-794b3ddb46bf);2
440;AgentTicketOffice(c3260add-1131-4991-9bfd-794b3ddb46bf);2
450;AgentTicketOffice(c3260add-1131-4991-9bfd-794b3ddb46bf);2
460;AgentTicketOffice(c3260add-1131-4991-9bfd-794b3ddb46bf);2
470;AgentTicketOffice(c3260add-1131-4991-9bfd-794b3ddb46bf);2
480;AgentTicketOffice(c3260add-1131-4991-9bfd-794b3ddb46bf);2
490;AgentTicketOffice(c3260add-1131-4991-9bfd-794b3ddb46bf);2
500;AgentTicketOffice(c3260add-1131-4991-9bfd-794b3ddb46bf);2
0;AgentTicketOffice(3ae4deae-5d7e-448d-b7b2-770276429b71);0
10;AgentTicketOffice(3ae4deae-5d7e-448d-b7b2-770276429b71);0
20;AgentTicketOffice(3ae4deae-5d7e-448d-b7b2-770276429b71);1
30;AgentTicketOffice(3ae4deae-5d7e-448d-b7b2-770276429b71);0
40;AgentTicketOffice(3ae4deae-5d7e-448d-b7b2-770276429b71);1
50;AgentTicketOffice(3ae4deae-5d7e-448d-b7b2-770276429b71);1
60;AgentTicketOffice(3ae4deae-5d7e-448d-b7b2-770276429b71);7
70;AgentTicketOffice(3ae4deae-5d7e-448d-b7b2-770276429b71);4
80;AgentTicketOffice(3ae4deae-5d7e-448d-b7b2-770276429b71);2
90;AgentTicketOffice(3ae4deae-5d7e-448d-b7b2-770276429b71);8
100;AgentTicketOffice(3ae4deae-5d7e-448d-b7b2-770276429b71);6
110;AgentTicketOffice(3ae4deae-5d7e-448d-b7b2-770276429b71);8
120;AgentTicketOffice(3ae4deae-5d7e-448d-b7b2-770276429b71);6
130;AgentTicketOffice(3ae4deae-5d7e-448d-b7b2-770276429b71);5
140;AgentTicketOffice(3ae4deae-5d7e-448d-b7b2-770276429b71);2
150;AgentTicketOffice(3ae4deae-5d7e-448d-b7b2-770276429b71);5
160;AgentTicketOffice(3ae4deae-5d7e-448d-b7b2-770276429b71);4
170;AgentTicketOffice(3ae4deae-5d7e-448d-b7b2-770276429b71);3
180;AgentTicketOffice(3ae4deae-5d7e-448d-b7b2-770276429b71);2
190;AgentTicketOffice(3ae4deae-5d7e-448d-b7b2-770276429b71);1
200;AgentTicketOffice(3ae4deae-5d7e-448d-b7b2-770276429b71);1
210;AgentTicketOffice(3ae4deae-5d7e-448d-b7b2-770276429b71);4
220;AgentTicketOffice(3ae4deae-5d7e-448d-b7b2-770276429b71);2
230;AgentTicketOffice(3ae4deae-5d7e-448d-b7b2-770276429b71);7
240;AgentTicketOffice(3ae4deae-5d7e-448d-b7b2-770276429b71);7
250;AgentTicketOffice(3ae4deae-5d7e-448d-b7b2-770276429b71);6
260;AgentTicketOffice(3ae4deae-5d7e-448d-b7b2-770276429b71);4
270;AgentTicketOffice(3ae4deae-5d7e-448d-b7b2-770276429b71);1
280;AgentTicketOffice(3ae4deae-5d7e-448d-b7b2-770276429b71);10
290;AgentTicketOffice(3ae4deae-5d7e-448d-b7b2-770276429b71);4
300;AgentTicketOffice(3ae4deae-5d7e-448d-b7b2-770276429b71);2
310;AgentTicketOffice(3ae4deae-5d7e-448d-b7b2-770276429b71);2
320;AgentTicketOffice(3ae4deae-5d7e-448d-b7b2-770276429b71);2
330;AgentTicketOffice(3ae4deae-5d7e-448d-b7b2-770276429b71);2
340;AgentTicketOffice(3ae4deae-5d7e-448d-b7b2-770276429b71);2
350;AgentTicketOffice(3ae4deae-5d7e-448d-b7b2-770276429b71);2
360;AgentTicketOffice(3ae4deae-5d7e-448d-b7b2-770276429b71);2
370;AgentTicketOffice(3ae4deae-5d7e-448d-b7b2-770276429b71);2
380;AgentTicketOffice(3ae4deae-5d7e-448d-b7b2-770276429b71);2
390;AgentTicketOffice(3ae4deae-5d7e-448d-b7b2-770276429b71);2
400;AgentTicketOffice(3ae4deae-5d7e-448d-b7b2-770276429b71);2
410;AgentTicketOffice(3ae4deae-5d7e-448d-b7b2-770276429b71);2
420;AgentTicketOffice(3ae4deae-5d7e-448d-b7b2-770276429b71);2
430;AgentTicketOffice(3ae4deae-5d7e-448d-b7b2-770276429b71);2
440;AgentTicketOffice(3ae4deae-5d7e-448d-b7b2-770276429b71);2
450;AgentTicketOffice(3ae4deae-5d7e-448d-b7b2-770276429b71);2
460;AgentTicketOffice(3ae4deae-5d7e-448d-b7b2-770276429b71);2
470;AgentTicketOffice(3ae4deae-5d7e-448d-b7b2-770276429b71);2
480;AgentTicketOffice(3ae4deae-5d7e-448d-b7b2-770276429b71);2
490;AgentTicketOffice(3ae4deae-5d7e-448d-b7b2-770276429b71);2
500;AgentTicketOffice(3ae4deae-5d7e-448d-b7b2-770276429b71);2
0;AgentTicketOffice(6e8feadd-697b-4cbe-bc15-b38085e041d5);0
10;AgentTicketOffice(6e8feadd-697b-4cbe-bc15-b38085e041d5);0
20;AgentTicketOffice(6e8feadd-697b-4cbe-bc15-b38085e041d5);0
30;AgentTicketOffice(6e8feadd-697b-4cbe-bc15-b38085e041d5);0
40;AgentTicketOffice(6e8feadd-697b-4cbe-bc15-b38085e041d5);0
50;AgentTicketOffice(6e8feadd-697b-4cbe-bc15-b38085e041d5);0
60;AgentTicketOffice(6e8feadd-697b-4cbe-bc15-b38085e041d5);0
70;AgentTicketOffice(6e8feadd-697b-4cbe-bc15-b38085e041d5);0
80;AgentTicketOffice(6e8feadd-697b-4cbe-bc15-b38085e041d5);0
90;AgentTicketOffice(6e8feadd-697b-4cbe-bc15-b38085e041d5);0
100;AgentTicketOffice(6e8feadd-697b-4cbe-bc15-b38085e041d5);0
110;AgentTicketOffice(6e8feadd-697b-4cbe-bc15-b38085e041d5);0
120;AgentTicketOffice(6e8feadd-697b-4cbe-bc15-b38085e041d5);0
130;AgentTicketOffice(6e8feadd-697b-4cbe-bc15-b38085e041d5);0
140;AgentTicketOffice(6e8feadd-697b-4cbe-bc15-b38085e041d5);0
150;AgentTicketOffice(6e8feadd-697b-4cbe-bc15-b38085e041d5);0
160;AgentTicketOffice(6e8feadd-697b-4cbe-bc15-b38085e041d5);0
170;AgentTicketOffice(6e8feadd-697b-4cbe-bc15-b38085e041d5);0
180;AgentTicketOffice(6e8feadd-697b-4cbe-bc15-b38085e041d5);0
190;AgentTicketOffice(6e8feadd-697b-4cbe-bc15-b38085e041d5);0
200;AgentTicketOffice(6e8feadd-697b-4cbe-bc15-b38085e041d5);0
210;AgentTicketOffice(6e8feadd-697b-4cbe-bc15-b38085e041d5);0
220;AgentTicketOffice(6e8feadd-697b-4cbe-bc15-b38085e041d5);0
230;AgentTicketOffice(6e8feadd-697b-4cbe-bc15-b38085e041d5);0
240;AgentTicketOffice(6e8feadd-697b-4cbe-bc15-b38085e041d5);0
250;AgentTicketOffice(6e8feadd-697b-4cbe-bc15-b38085e041d5);0
260;AgentTicketOffice(6e8feadd-697b-4cbe-bc15-b38085e041d5);0
270;AgentTicketOffice(6e8feadd-697b-4cbe-bc15-b38085e041d5);0
280;AgentTicketOffice(6e8feadd-697b-4cbe-bc15-b38085e041d5);0
290;AgentTicketOffice(6e8feadd-697b-4cbe-bc15-b38085e041d5);2
300;AgentTicketOffice(6e8feadd-697b-4cbe-bc15-b38085e041d5);2
310;AgentTicketOffice(6e8feadd-697b-4cbe-bc15-b38085e041d5);2
320;AgentTicketOffice(6e8feadd-697b-4cbe-bc15-b38085e041d5);2
330;AgentTicketOffice(6e8feadd-697b-4cbe-bc15-b38085e041d5);2
340;AgentTicketOffice(6e8feadd-697b-4cbe-bc15-b38085e041d5);2
350;AgentTicketOffice(6e8feadd-697b-4cbe-bc15-b38085e041d5);2
360;AgentTicketOffice(6e8feadd-697b-4cbe-bc15-b38085e041d5);2
370;AgentTicketOffice(6e8feadd-697b-4cbe-bc15-b38085e041d5);2
380;AgentTicketOffice(6e8feadd-697b-4cbe-bc15-b38085e041d5);2
390;AgentTicketOffice(6e8feadd-697b-4cbe-bc15-b38085e041d5);2
400;AgentTicketOffice(6e8feadd-697b-4cbe-bc15-b38085e041d5);2
410;AgentTicketOffice(6e8feadd-697b-4cbe-bc15-b38085e041d5);2
420;AgentTicketOffice(6e8feadd-697b-4cbe-bc15-b38085e041d5);2
430;AgentTicketOffice(6e8feadd-697b-4cbe-bc15-b38085e041d5);2
440;AgentTicketOffice(6e8feadd-697b-4cbe-bc15-b38085e041d5);2
450;AgentTicketOffice(6e8feadd-697b-4cbe-bc15-b38085e041d5);2
460;AgentTicketOffice(6e8feadd-697b-4cbe-bc15-b38085e041d5);2
470;AgentTicketOffice(6e8feadd-697b-4cbe-bc15-b38085e041d5);2
480;AgentTicketOffice(6e8feadd-697b-4cbe-bc15-b38085e041d5);2
490;AgentTicketOffice(6e8feadd-697b-4cbe-bc15-b38085e041d5);2
500;AgentTicketOffice(6e8feadd-697b-4cbe-bc15-b38085e041d5);2
0;AgentTicketOffice(ed9788bf-dd81-4b37-b9eb-5fe00b50ed96);0
10;AgentTicketOffice(ed9788bf-dd81-4b37-b9eb-5fe00b50ed96);0
20;AgentTicketOffice(ed9788bf-dd81-4b37-b9eb-5fe00b50ed96);0
30;AgentTicketOffice(ed9788bf-dd81-4b37-b9eb-5fe00b50ed96);0
40;AgentTicketOffice(ed9788bf-dd81-4b37-b9eb-5fe00b50ed96);0
50;AgentTicketOffice(ed9788bf-dd81-4b37-b9eb-5fe00b50ed96);0
60;AgentTicketOffice(ed9788bf-dd81-4b37-b9eb-5fe00b50ed96);0
70;AgentTicketOffice(ed9788bf-dd81-4b37-b9eb-5fe00b50ed96);0
80;AgentTicketOffice(ed9788bf-dd81-4b37-b9eb-5fe00b50ed96);0
90;AgentTicketOffice(ed9788bf-dd81-4b37-b9eb-5fe00b50ed96);0
100;AgentTicketOffice(ed9788bf-dd81-4b37-b9eb-5fe00b50ed96);0
110;AgentTicketOffice(ed9788bf-dd81-4b37-b9eb-5fe00b50ed96);0
120;AgentTicketOffice(ed9788bf-dd81-4b37-b9eb-5fe00b50ed96);0
130;AgentTicketOffice(ed9788bf-dd81-4b37-b9eb-5fe00b50ed96);0
140;AgentTicketOffice(ed9788bf-dd81-4b37-b9eb-5fe00b50ed96);0
150;AgentTicketOffice(ed9788bf-dd81-4b37-b9eb-5fe00b50ed96);0
160;AgentTicketOffice(ed9788bf-dd81-4b37-b9eb-5fe00b50ed96);0
170;AgentTicketOffice(ed9788bf-dd81-4b37-b9eb-5fe00b50ed96);0
180;AgentTicketOffice(ed9788bf-dd81-4b37-b9eb-5fe00b50ed96);0
190;AgentTicketOffice(ed9788bf-dd81-4b37-b9eb-5fe00b50ed96);0
200;AgentTicketOffice(ed9788bf-dd81-4b37-b9eb-5fe00b50ed96);0
210;AgentTicketOffice(ed9788bf-dd81-4b37-b9eb-5fe00b50ed96);0
220;AgentTicketOffice(ed9788bf-dd81-4b37-b9eb-5fe00b50ed96);0
230;AgentTicketOffice(ed9788bf-dd81-4b37-b9eb-5fe00b50ed96);0
240;AgentTicketOffice(ed9788bf-dd81-4b37-b9eb-5fe00b50ed96);0
250;AgentTicketOffice(ed9788bf-dd81-4b37-b9eb-5fe00b50ed96);0
260;AgentTicketOffice(ed9788bf-dd81-4b37-b9eb-5fe00b50ed96);0
270;AgentTicketOffice(ed9788bf-dd81-4b37-b9eb-5fe00b50ed96);0
280;AgentTicketOffice(ed9788bf-dd81-4b37-b9eb-5fe00b50ed96);0
290;AgentTicketOffice(ed9788bf-dd81-4b37-b9eb-5fe00b50ed96);2
300;AgentTicketOffice(ed9788bf-dd81-4b37-b9eb-5fe00b50ed96);2
310;AgentTicketOffice(ed9788bf-dd81-4b37-b9eb-5fe00b50ed96);2
320;AgentTicketOffice(ed9788bf-dd81-4b37-b9eb-5fe00b50ed96);2
330;AgentTicketOffice(ed9788bf-dd81-4b37-b9eb-5fe00b50ed96);2
340;AgentTicketOffice(ed9788bf-dd81-4b37-b9eb-5fe00b50ed96);2
350;AgentTicketOffice(ed9788bf-dd81-4b37-b9eb-5fe00b50ed96);2
360;AgentTicketOffice(ed9788bf-dd81-4b37-b9eb-5fe00b50ed96);2
370;AgentTicketOffice(ed9788bf-dd81-4b37-b9eb-5fe00b50ed96);2
380;AgentTicketOffice(ed9788bf-dd81-4b37-b9eb-5fe00b50ed96);2
390;AgentTicketOffice(ed9788bf-dd81-4b37-b9eb-5fe00b50ed96);2
400;AgentTicketOffice(ed9788bf-dd81-4b37-b9eb-5fe00b50ed96);2
410;AgentTicketOffice(ed9788bf-dd81-4b37-b9eb-5fe00b50ed96);2
420;AgentTicketOffice(ed9788bf-dd81-4b37-b9eb-5fe00b50ed96);2
430;AgentTicketOffice(ed9788bf-dd81-4b37-b9eb-5fe00b50ed96);2
440;AgentTicketOffice(ed9788bf-dd81-4b37-b9eb-5fe00b50ed96);2
450;AgentTicketOffice(ed9788bf-dd81-4b37-b9eb-5fe00b50ed96);2
460;AgentTicketOffice(ed9788bf-dd81-4b37-b9eb-5fe00b50ed96);2
470;AgentTicketOffice(ed9788bf-dd81-4b37-b9eb-5fe00b50ed96);2
480;AgentTicketOffice(ed9788bf-dd81-4b37-b9eb-5fe00b50ed96);2
490;AgentTicketOffice(ed9788bf-dd81-4b37-b9eb-5fe00b50ed96);2
500;AgentTicketOffice(ed9788bf-dd81-4b37-b9eb-5fe00b50ed96);2
0;AgentTicketOffice(7cb804af-3990-44fb-b26d-9bb8bc165522);0
10;AgentTicketOffice(7cb804af-3990-44fb-b26d-9bb8bc165522);0
20;AgentTicketOffice(7cb804af-3990-44fb-b26d-9bb8bc165522);0
30;AgentTicketOffice(7cb804af-3990-44fb-b26d-9bb8bc165522);0
40;AgentTicketOffice(7cb804af-3990-44fb-b26d-9bb8bc165522);0
50;AgentTicketOffice(7cb804af-3990-44fb-b26d-9bb8bc165522);0
60;AgentTicketOffice(7cb804af-3990-44fb-b26d-9bb8bc165522);0
70;AgentTicketOffice(7cb804af-3990-44fb-b26d-9bb8bc165522);0
80;AgentTicketOffice(7cb804af-3990-44fb-b26d-9bb8bc165522);0
90;AgentTicketOffice(7cb804af-3990-44fb-b26d-9bb8bc165522);0
100;AgentTicketOffice(7cb804af-3990-44fb-b26d-9bb8bc165522);0
110;AgentTicketOffice(7cb804af-3990-44fb-b26d-9bb8bc165522);0
120;AgentTicketOffice(7cb804af-3990-44fb-b26d-9bb8bc165522);0
130;AgentTicketOffice(7cb804af-3990-44fb-b26d-9bb8bc165522);0
140;AgentTicketOffice(7cb804af-3990-44fb-b26d-9bb8bc165522);0
150;AgentTicketOffice(7cb804af-3990-44fb-b26d-9bb8bc165522);0
160;AgentTicketOffice(7cb804af-3990-44fb-b26d-9bb8bc165522);0
170;AgentTicketOffice(7cb804af-3990-44fb-b26d-9bb8bc165522);0
180;AgentTicketOffice(7cb804af-3990-44fb-b26d-9bb8bc165522);0
190;AgentTicketOffice(7cb804af-3990-44fb-b26d-9bb8bc165522);0
200;AgentTicketOffice(7cb804af-3990-44fb-b26d-9bb8bc165522);0
210;AgentTicketOffice(7cb804af-3990-44fb-b26d-9bb8bc165522);0
220;AgentTicketOffice(7cb804af-3990-44fb-b26d-9bb8bc165522);0
230;AgentTicketOffice(7cb804af-3990-44fb-b26d-9bb8bc165522);0
240;AgentTicketOffice(7cb804af-3990-44fb-b26d-9bb8bc165522);0
250;AgentTicketOffice(7cb804af-3990-44fb-b26d-9bb8bc165522);0
260;AgentTicketOffice(7cb804af-3990-44fb-b26d-9bb8bc165522);0
270;AgentTicketOffice(7cb804af-3990-44fb-b26d-9bb8bc165522);0
280;AgentTicketOffice(7cb804af-3990-44fb-b26d-9bb8bc165522);0
290;AgentTicketOffice(7cb804af-3990-44fb-b26d-9bb8bc165522);2
300;AgentTicketOffice(7cb804af-3990-44fb-b26d-9bb8bc165522);2
310;AgentTicketOffice(7cb804af-3990-44fb-b26d-9bb8bc165522);2
320;AgentTicketOffice(7cb804af-3990-44fb-b26d-9bb8bc165522);2
330;AgentTicketOffice(7cb804af-3990-44fb-b26d-9bb8bc165522);2
340;AgentTicketOffice(7cb804af-3990-44fb-b26d-9bb8bc165522);2
350;AgentTicketOffice(7cb804af-3990-44fb-b26d-9bb8bc165522);2
360;AgentTicketOffice(7cb804af-3990-44fb-b26d-9bb8bc165522);2
370;AgentTicketOffice(7cb804af-3990-44fb-b26d-9bb8bc165522);2
380;AgentTicketOffice(7cb804af-3990-44fb-b26d-9bb8bc165522);2
390;AgentTicketOffice(7cb804af-3990-44fb-b26d-9bb8bc165522);2
400;AgentTicketOffice(7cb804af-3990-44fb-b26d-9bb8bc165522);2
410;AgentTicketOffice(7cb804af-3990-44fb-b26d-9bb8bc165522);2
420;AgentTicketOffice(7cb804af-3990-44fb-b26d-9bb8bc165522);2
430;AgentTicketOffice(7cb804af-3990-44fb-b26d-9bb8bc165522);2
440;AgentTicketOffice(7cb804af-3990-44fb-b26d-9bb8bc165522);2
450;AgentTicketOffice(7cb804af-3990-44fb-b26d-9bb8bc165522);2
460;AgentTicketOffice(7cb804af-3990-44fb-b26d-9bb8bc165522);2
470;AgentTicketOffice(7cb804af-3990-44fb-b26d-9bb8bc165522);2
480;AgentTicketOffice(7cb804af-3990-44fb-b26d-9bb8bc165522);2
490;AgentTicketOffice(7cb804af-3990-44fb-b26d-9bb8bc165522);2
500;AgentTicketOffice(7cb804af-3990-44fb-b26d-9bb8bc165522);2
0;AgentTicketOffice(5a31cbf5-b1bb-4e3e-95c5-27aea3f41179);0
10;AgentTicketOffice(5a31cbf5-b1bb-4e3e-95c5-27aea3f41179);0
20;AgentTicketOffice(5a31cbf5-b1bb-4e3e-95c5-27aea3f41179);0
30;AgentTicketOffice(5a31cbf5-b1bb-4e3e-95c5-27aea3f41179);0
40;AgentTicketOffice(5a31cbf5-b1bb-4e3e-95c5-27aea3f41179);0
50;AgentTicketOffice(5a31cbf5-b1bb-4e3e-95c5-27aea3f41179);0
60;AgentTicketOffice(5a31cbf5-b1bb-4e3e-95c5-27aea3f41179);0
70;AgentTicketOffice(5a31cbf5-b1bb-4e3e-95c5-27aea3f41179);0
80;AgentTicketOffice(5a31cbf5-b1bb-4e3e-95c5-27aea3f41179);0
90;AgentTicketOffice(5a31cbf5-b1bb-4e3e-95c5-27aea3f41179);0
100;AgentTicketOffice(5a31cbf5-b1bb-4e3e-95c5-27aea3f41179);0
110;AgentTicketOffice(5a31cbf5-b1bb-4e3e-95c5-27aea3f41179);0
120;AgentTicketOffice(5a31cbf5-b1bb-4e3e-95c5-27aea3f41179);0
130;AgentTicketOffice(5a31cbf5-b1bb-4e3e-95c5-27aea3f41179);0
140;AgentTicketOffice(5a31cbf5-b1bb-4e3e-95c5-27aea3f41179);0
150;AgentTicketOffice(5a31cbf5-b1bb-4e3e-95c5-27aea3f41179);0
160;AgentTicketOffice(5a31cbf5-b1bb-4e3e-95c5-27aea3f41179);0
170;AgentTicketOffice(5a31cbf5-b1bb-4e3e-95c5-27aea3f41179);0
180;AgentTicketOffice(5a31cbf5-b1bb-4e3e-95c5-27aea3f41179);0
190;AgentTicketOffice(5a31cbf5-b1bb-4e3e-95c5-27aea3f41179);0
200;AgentTicketOffice(5a31cbf5-b1bb-4e3e-95c5-27aea3f41179);0
210;AgentTicketOffice(5a31cbf5-b1bb-4e3e-95c5-27aea3f41179);0
220;AgentTicketOffice(5a31cbf5-b1bb-4e3e-95c5-27aea3f41179);0
230;AgentTicketOffice(5a31cbf5-b1bb-4e3e-95c5-27aea3f41179);0
240;AgentTicketOffice(5a31cbf5-b1bb-4e3e-95c5-27aea3f41179);0
250;AgentTicketOffice(5a31cbf5-b1bb-4e3e-95c5-27aea3f41179);0
260;AgentTicketOffice(5a31cbf5-b1bb-4e3e-95c5-27aea3f41179);0
270;AgentTicketOffice(5a31cbf5-b1bb-4e3e-95c5-27aea3f41179);0
280;AgentTicketOffice(5a31cbf5-b1bb-4e3e-95c5-27aea3f41179);0
290;AgentTicketOffice(5a31cbf5-b1bb-4e3e-95c5-27aea3f41179);2
300;AgentTicketOffice(5a31cbf5-b1bb-4e3e-95c5-27aea3f41179);2
310;AgentTicketOffice(5a31cbf5-b1bb-4e3e-95c5-27aea3f41179);2
320;AgentTicketOffice(5a31cbf5-b1bb-4e3e-95c5-27aea3f41179);2
330;AgentTicketOffice(5a31cbf5-b1bb-4e3e-95c5-27aea3f41179);2
340;AgentTicketOffice(5a31cbf5-b1bb-4e3e-95c5-27aea3f41179);2
350;AgentTicketOffice(5a31cbf5-b1bb-4e3e-95c5-27aea3f41179);2
360;AgentTicketOffice(5a31cbf5-b1bb-4e3e-95c5-27aea3f41179);2
370;AgentTicketOffice(5a31cbf5-b1bb-4e3e-95c5-27aea3f41179);2
380;AgentTicketOffice(5a31cbf5-b1bb-4e3e-95c5-27aea3f41179);2
390;AgentTicketOffice(5a31cbf5-b1bb-4e3e-95c5-27aea3f41179);2
400;AgentTicketOffice(5a31cbf5-b1bb-4e3e-95c5-27aea3f41179);2
410;AgentTicketOffice(5a31cbf5-b1bb-4e3e-95c5-27aea3f41179);2
420;AgentTicketOffice(5a31cbf5-b1bb-4e3e-95c5-27aea3f41179);2
430;AgentTicketOffice(5a31cbf5-b1bb-4e3e-95c5-27aea3f41179);2
440;AgentTicketOffice(5a31cbf5-b1bb-4e3e-95c5-27aea3f41179);2
450;AgentTicketOffice(5a31cbf5-b1bb-4e3e-95c5-27aea3f41179);2
460;AgentTicketOffice(5a31cbf5-b1bb-4e3e-95c5-27aea3f41179);2
470;AgentTicketOffice(5a31cbf5-b1bb-4e3e-95c5-27aea3f41179);2
480;AgentTicketOffice(5a31cbf5-b1bb-4e3e-95c5-27aea3f41179);2
490;AgentTicketOffice(5a31cbf5-b1bb-4e3e-95c5-27aea3f41179);2
500;AgentTicketOffice(5a31cbf5-b1bb-4e3e-95c5-27aea3f41179);2
0;AgentTicketOffice(847fd5ce-e620-440f-b91e-c0dc152b561a);0
10;AgentTicketOffice(847fd5ce-e620-440f-b91e-c0dc152b561a);0
20;AgentTicketOffice(847fd5ce-e620-440f-b91e-c0dc152b561a);0
30;AgentTicketOffice(847fd5ce-e620-440f-b91e-c0dc152b561a);0
40;AgentTicketOffice(847fd5ce-e620-440f-b91e-c0dc152b561a);0
50;AgentTicketOffice(847fd5ce-e620-440f-b91e-c0dc152b561a);0
60;AgentTicketOffice(847fd5ce-e620-440f-b91e-c0dc152b561a);0
70;AgentTicketOffice(847fd5ce-e620-440f-b91e-c0dc152b561a);0
80;AgentTicketOffice(847fd5ce-e620-440f-b91e-c0dc152b561a);0
90;AgentTicketOffice(847fd5ce-e620-440f-b91e-c0dc152b561a);0
100;AgentTicketOffice(847fd5ce-e620-440f-b91e-c0dc152b561a);0
110;AgentTicketOffice(847fd5ce-e620-440f-b91e-c0dc152b561a);0
120;AgentTicketOffice(847fd5ce-e620-440f-b91e-c0dc152b561a);0
130;AgentTicketOffice(847fd5ce-e620-440f-b91e-c0dc152b561a);0
140;AgentTicketOffice(847fd5ce-e620-440f-b91e-c0dc152b561a);0
150;AgentTicketOffice(847fd5ce-e620-440f-b91e-c0dc152b561a);0
160;AgentTicketOffice(847fd5ce-e620-440f-b91e-c0dc152b561a);0
170;AgentTicketOffice(847fd5ce-e620-440f-b91e-c0dc152b561a);0
180;AgentTicketOffice(847fd5ce-e620-440f-b91e-c0dc152b561a);0
190;AgentTicketOffice(847fd5ce-e620-440f-b91e-c0dc152b561a);0
200;AgentTicketOffice(847fd5ce-e620-440f-b91e-c0dc152b561a);0
210;AgentTicketOffice(847fd5ce-e620-440f-b91e-c0dc152b561a);0
220;AgentTicketOffice(847fd5ce-e620-440f-b91e-c0dc152b561a);0
230;AgentTicketOffice(847fd5ce-e620-440f-b91e-c0dc152b561a);0
240;AgentTicketOffice(847fd5ce-e620-440f-b91e-c0dc152b561a);0
250;AgentTicketOffice(847fd5ce-e620-440f-b91e-c0dc152b561a);0
260;AgentTicketOffice(847fd5ce-e620-440f-b91e-c0dc152b561a);0
270;AgentTicketOffice(847fd5ce-e620-440f-b91e-c0dc152b561a);0
280;AgentTicketOffice(847fd5ce-e620-440f-b91e-c0dc152b561a);0
290;AgentTicketOffice(847fd5ce-e620-440f-b91e-c0dc152b561a);2
300;AgentTicketOffice(847fd5ce-e620-440f-b91e-c0dc152b561a);2
310;AgentTicketOffice(847fd5ce-e620-440f-b91e-c0dc152b561a);2
320;AgentTicketOffice(847fd5ce-e620-440f-b91e-c0dc152b561a);2
330;AgentTicketOffice(847fd5ce-e620-440f-b91e-c0dc152b561a);2
340;AgentTicketOffice(847fd5ce-e620-440f-b91e-c0dc152b561a);2
350;AgentTicketOffice(847fd5ce-e620-440f-b91e-c0dc152b561a);2
360;AgentTicketOffice(847fd5ce-e620-440f-b91e-c0dc152b561a);2
370;AgentTicketOffice(847fd5ce-e620-440f-b91e-c0dc152b561a);2
380;AgentTicketOffice(847fd5ce-e620-440f-b91e-c0dc152b561a);2
390;AgentTicketOffice(847fd5ce-e620-440f-b91e-c0dc152b561a);2
400;AgentTicketOffice(847fd5ce-e620-440f-b91e-c0dc152b561a);2
410;AgentTicketOffice(847fd5ce-e620-440f-b91e-c0dc152b561a);2
420;AgentTicketOffice(847fd5ce-e620-440f-b91e-c0dc152b561a);2
430;AgentTicketOffice(847fd5ce-e620-440f-b91e-c0dc152b561a);2
440;AgentTicketOffice(847fd5ce-e620-440f-b91e-c0dc152b561a);2
450;AgentTicketOffice(847fd5ce-e620-440f-b91e-c0dc152b561a);2
460;AgentTicketOffice(847fd5ce-e620-440f-b91e-c0dc152b561a);2
470;AgentTicketOffice(847fd5ce-e620-440f-b91e-c0dc152b561a);2
480;AgentTicketOffice(847fd5ce-e620-440f-b91e-c0dc152b561a);2
490;AgentTicketOffice(847fd5ce-e620-440f-b91e-c0dc152b561a);2
500;AgentTicketOffice(847fd5ce-e620-440f-b91e-c0dc152b561a);2
0;AgentTicketOffice(0396d6af-a7d1-4122-857b-dba97f4ea072);0
10;AgentTicketOffice(0396d6af-a7d1-4122-857b-dba97f4ea072);0
20;AgentTicketOffice(0396d6af-a7d1-4122-857b-dba97f4ea072);0
30;AgentTicketOffice(0396d6af-a7d1-4122-857b-dba97f4ea072);0
40;AgentTicketOffice(0396d6af-a7d1-4122-857b-dba97f4ea072);0
50;AgentTicketOffice(0396d6af-a7d1-4122-857b-dba97f4ea072);0
60;AgentTicketOffice(0396d6af-a7d1-4122-857b-dba97f4ea072);0
70;AgentTicketOffice(0396d6af-a7d1-4122-857b-dba97f4ea072);0
80;AgentTicketOffice(0396d6af-a7d1-4122-857b-dba97f4ea072);0
90;AgentTicketOffice(0396d6af-a7d1-4122-857b-dba97f4ea072);0
100;AgentTicketOffice(0396d6af-a7d1-4122-857b-dba97f4ea072);0
110;AgentTicketOffice(0396d6af-a7d1-4122-857b-dba97f4ea072);0
120;AgentTicketOffice(0396d6af-a7d1-4122-857b-dba97f4ea072);0
130;AgentTicketOffice(0396d6af-a7d1-4122-857b-dba97f4ea072);0
140;AgentTicketOffice(0396d6af-a7d1-4122-857b-dba97f4ea072);0
150;AgentTicketOffice(0396d6af-a7d1-4122-857b-dba97f4ea072);0
160;AgentTicketOffice(0396d6af-a7d1-4122-857b-dba97f4ea072);0
170;AgentTicketOffice(0396d6af-a7d1-4122-857b-dba97f4ea072);0
180;AgentTicketOffice(0396d6af-a7d1-4122-857b-dba97f4ea072);0
190;AgentTicketOffice(0396d6af-a7d1-4122-857b-dba97f4ea072);0
200;AgentTicketOffice(0396d6af-a7d1-4122-857b-dba97f4ea072);0
210;AgentTicketOffice(0396d6af-a7d1-4122-857b-dba97f4ea072);0
220;AgentTicketOffice(0396d6af-a7d1-4122-857b-dba97f4ea072);0
230;AgentTicketOffice(0396d6af-a7d1-4122-857b-dba97f4ea072);0
240;AgentTicketOffice(0396d6af-a7d1-4122-857b-dba97f4ea072);0
250;AgentTicketOffice(0396d6af-a7d1-4122-857b-dba97f4ea072);0
260;AgentTicketOffice(0396d6af-a7d1-4122-857b-dba97f4ea072);0
270;AgentTicketOffice(0396d6af-a7d1-4122-857b-dba97f4ea072);0
280;AgentTicketOffice(0396d6af-a7d1-4122-857b-dba97f4ea072);0
290;AgentTicketOffice(0396d6af-a7d1-4122-857b-dba97f4ea072);2
300;AgentTicketOffice(0396d6af-a7d1-4122-857b-dba97f4ea072);2
310;AgentTicketOffice(0396d6af-a7d1-4122-857b-dba97f4ea072);2
320;AgentTicketOffice(0396d6af-a7d1-4122-857b-dba97f4ea072);2
330;AgentTicketOffice(0396d6af-a7d1-4122-857b-dba97f4ea072);2
340;AgentTicketOffice(0396d6af-a7d1-4122-857b-dba97f4ea072);2
350;AgentTicketOffice(0396d6af-a7d1-4122-857b-dba97f4ea072);2
360;AgentTicketOffice(0396d6af-a7d1-4122-857b-dba97f4ea072);2
370;AgentTicketOffice(0396d6af-a7d1-4122-857b-dba97f4ea072);2
380;AgentTicketOffice(0396d6af-a7d1-4122-857b-dba97f4ea072);2
390;AgentTicketOffice(0396d6af-a7d1-4122-857b-dba97f4ea072);2
400;AgentTicketOffice(0396d6af-a7d1-4122-857b-dba97f4ea072);2
410;AgentTicketOffice(0396d6af-a7d1-4122-857b-dba97f4ea072);2
420;AgentTicketOffice(0396d6af-a7d1-4122-857b-dba97f4ea072);2
430;AgentTicketOffice(0396d6af-a7d1-4122-857b-dba97f4ea072);2
440;AgentTicketOffice(0396d6af-a7d1-4122-857b-dba97f4ea072);2
450;AgentTicketOffice(0396d6af-a7d1-4122-857b-dba97f4ea072);2
460;AgentTicketOffice(0396d6af-a7d1-4122-857b-dba97f4ea072);2
470;AgentTicketOffice(0396d6af-a7d1-4122-857b-dba97f4ea072);2
480;AgentTicketOffice(0396d6af-a7d1-4122-857b-dba97f4ea072);2
490;AgentTicketOffice(0396d6af-a7d1-4122-857b-dba97f4ea072);2
500;AgentTicketOffice(0396d6af-a7d1-4122-857b-dba97f4ea072);2
0;AgentSecurity(f3ff61e5-9a58-4f15-8cf2-e54718c54355);0
10;AgentSecurity(f3ff61e5-9a58-4f15-8cf2-e54718c54355);1
20;AgentSecurity(f3ff61e5-9a58-4f15-8cf2-e54718c54355);2
30;AgentSecurity(f3ff61e5-9a58-4f15-8cf2-e54718c54355);2
40;AgentSecurity(f3ff61e5-9a58-4f15-8cf2-e54718c54355);0
50;AgentSecurity(f3ff61e5-9a58-4f15-8cf2-e54718c54355);1
60;AgentSecurity(f3ff61e5-9a58-4f15-8cf2-e54718c54355);10
70;AgentSecurity(f3ff61e5-9a58-4f15-8cf2-e54718c54355);9
80;AgentSecurity(f3ff61e5-9a58-4f15-8cf2-e54718c54355);5
90;AgentSecurity(f3ff61e5-9a58-4f15-8cf2-e54718c54355);20
100;AgentSecurity(f3ff61e5-9a58-4f15-8cf2-e54718c54355);16
110;AgentSecurity(f3ff61e5-9a58-4f15-8cf2-e54718c54355);26
120;AgentSecurity(f3ff61e5-9a58-4f15-8cf2-e54718c54355);23
130;AgentSecurity(f3ff61e5-9a58-4f15-8cf2-e54718c54355);21
140;AgentSecurity(f3ff61e5-9a58-4f15-8cf2-e54718c54355);18
150;AgentSecurity(f3ff61e5-9a58-4f15-8cf2-e54718c54355);24
160;AgentSecurity(f3ff61e5-9a58-4f15-8cf2-e54718c54355);23
170;AgentSecurity(f3ff61e5-9a58-4f15-8cf2-e54718c54355);23
180;AgentSecurity(f3ff61e5-9a58-4f15-8cf2-e54718c54355);22
190;AgentSecurity(f3ff61e5-9a58-4f15-8cf2-e54718c54355);21
200;AgentSecurity(f3ff61e5-9a58-4f15-8cf2-e54718c54355);23
210;AgentSecurity(f3ff61e5-9a58-4f15-8cf2-e54718c54355);30
220;AgentSecurity(f3ff61e5-9a58-4f15-8cf2-e54718c54355);30
230;AgentSecurity(f3ff61e5-9a58-4f15-8cf2-e54718c54355);42
240;AgentSecurity(f3ff61e5-9a58-4f15-8cf2-e54718c54355);42
250;AgentSecurity(f3ff61e5-9a58-4f15-8cf2-e54718c54355);38
260;AgentSecurity(f3ff61e5-9a58-4f15-8cf2-e54718c54355);38
270;AgentSecurity(f3ff61e5-9a58-4f15-8cf2-e54718c54355);35
280;AgentSecurity(f3ff61e5-9a58-4f15-8cf2-e54718c54355);44
290;AgentSecurity(f3ff61e5-9a58-4f15-8cf2-e54718c54355);49
300;AgentSecurity(f3ff61e5-9a58-4f15-8cf2-e54718c54355);46
310;AgentSecurity(f3ff61e5-9a58-4f15-8cf2-e54718c54355);42
320;AgentSecurity(f3ff61e5-9a58-4f15-8cf2-e54718c54355);37
330;AgentSecurity(f3ff61e5-9a58-4f15-8cf2-e54718c54355);29
340;AgentSecurity(f3ff61e5-9a58-4f15-8cf2-e54718c54355);24
350;AgentSecurity(f3ff61e5-9a58-4f15-8cf2-e54718c54355);24
360;AgentSecurity(f3ff61e5-9a58-4f15-8cf2-e54718c54355);24
370;AgentSecurity(f3ff61e5-9a58-4f15-8cf2-e54718c54355);24
380;AgentSecurity(f3ff61e5-9a58-4f15-8cf2-e54718c54355);24
390;AgentSecurity(f3ff61e5-9a58-4f15-8cf2-e54718c54355);24
400;AgentSecurity(f3ff61e5-9a58-4f15-8cf2-e54718c54355);24
410;AgentSecurity(f3ff61e5-9a58-4f15-8cf2-e54718c54355);24
420;AgentSecurity(f3ff61e5-9a58-4f15-8cf2-e54718c54355);24
430;AgentSecurity(f3ff61e5-9a58-4f15-8cf2-e54718c54355);18
440;AgentSecurity(f3ff61e5-9a58-4f15-8cf2-e54718c54355);13
450;AgentSecurity(f3ff61e5-9a58-4f15-8cf2-e54718c54355);9
460;AgentSecurity(f3ff61e5-9a58-4f15-8cf2-e54718c54355);7
470;AgentSecurity(f3ff61e5-9a58-4f15-8cf2-e54718c54355);7
480;AgentSecurity(f3ff61e5-9a58-4f15-8cf2-e54718c54355);7
490;AgentSecurity(f3ff61e5-9a58-4f15-8cf2-e54718c54355);7
500;AgentSecurity(f3ff61e5-9a58-4f15-8cf2-e54718c54355);7
0;AgentSecurity(1d409daf-d793-4bd6-83f0-bf8db37bde09);0
10;AgentSecurity(1d409daf-d793-4bd6-83f0-bf8db37bde09);0
20;AgentSecurity(1d409daf-d793-4bd6-83f0-bf8db37bde09);0
30;AgentSecurity(1d409daf-d793-4bd6-83f0-bf8db37bde09);0
40;AgentSecurity(1d409daf-d793-4bd6-83f0-bf8db37bde09);0
50;AgentSecurity(1d409daf-d793-4bd6-83f0-bf8db37bde09);0
60;AgentSecurity(1d409daf-d793-4bd6-83f0-bf8db37bde09);0
70;AgentSecurity(1d409daf-d793-4bd6-83f0-bf8db37bde09);0
80;AgentSecurity(1d409daf-d793-4bd6-83f0-bf8db37bde09);0
90;AgentSecurity(1d409daf-d793-4bd6-83f0-bf8db37bde09);0
100;AgentSecurity(1d409daf-d793-4bd6-83f0-bf8db37bde09);0
110;AgentSecurity(1d409daf-d793-4bd6-83f0-bf8db37bde09);0
120;AgentSecurity(1d409daf-d793-4bd6-83f0-bf8db37bde09);0
130;AgentSecurity(1d409daf-d793-4bd6-83f0-bf8db37bde09);0
140;AgentSecurity(1d409daf-d793-4bd6-83f0-bf8db37bde09);0
150;AgentSecurity(1d409daf-d793-4bd6-83f0-bf8db37bde09);0
160;AgentSecurity(1d409daf-d793-4bd6-83f0-bf8db37bde09);0
170;AgentSecurity(1d409daf-d793-4bd6-83f0-bf8db37bde09);0
180;AgentSecurity(1d409daf-d793-4bd6-83f0-bf8db37bde09);0
190;AgentSecurity(1d409daf-d793-4bd6-83f0-bf8db37bde09);0
200;AgentSecurity(1d409daf-d793-4bd6-83f0-bf8db37bde09);0
210;AgentSecurity(1d409daf-d793-4bd6-83f0-bf8db37bde09);0
220;AgentSecurity(1d409daf-d793-4bd6-83f0-bf8db37bde09);0
230;AgentSecurity(1d409daf-d793-4bd6-83f0-bf8db37bde09);0
240;AgentSecurity(1d409daf-d793-4bd6-83f0-bf8db37bde09);0
250;AgentSecurity(1d409daf-d793-4bd6-83f0-bf8db37bde09);0
260;AgentSecurity(1d409daf-d793-4bd6-83f0-bf8db37bde09);0
270;AgentSecurity(1d409daf-d793-4bd6-83f0-bf8db37bde09);0
280;AgentSecurity(1d409daf-d793-4bd6-83f0-bf8db37bde09);0
290;AgentSecurity(1d409daf-d793-4bd6-83f0-bf8db37bde09);2
300;AgentSecurity(1d409daf-d793-4bd6-83f0-bf8db37bde09);2
310;AgentSecurity(1d409daf-d793-4bd6-83f0-bf8db37bde09);2
320;AgentSecurity(1d409daf-d793-4bd6-83f0-bf8db37bde09);2
330;AgentSecurity(1d409daf-d793-4bd6-83f0-bf8db37bde09);2
340;AgentSecurity(1d409daf-d793-4bd6-83f0-bf8db37bde09);2
350;AgentSecurity(1d409daf-d793-4bd6-83f0-bf8db37bde09);2
360;AgentSecurity(1d409daf-d793-4bd6-83f0-bf8db37bde09);2
370;AgentSecurity(1d409daf-d793-4bd6-83f0-bf8db37bde09);2
380;AgentSecurity(1d409daf-d793-4bd6-83f0-bf8db37bde09);2
390;AgentSecurity(1d409daf-d793-4bd6-83f0-bf8db37bde09);2
400;AgentSecurity(1d409daf-d793-4bd6-83f0-bf8db37bde09);2
410;AgentSecurity(1d409daf-d793-4bd6-83f0-bf8db37bde09);2
420;AgentSecurity(1d409daf-d793-4bd6-83f0-bf8db37bde09);2
430;AgentSecurity(1d409daf-d793-4bd6-83f0-bf8db37bde09);2
440;AgentSecurity(1d409daf-d793-4bd6-83f0-bf8db37bde09);2
450;AgentSecurity(1d409daf-d793-4bd6-83f0-bf8db37bde09);2
460;AgentSecurity(1d409daf-d793-4bd6-83f0-bf8db37bde09);2
470;AgentSecurity(1d409daf-d793-4bd6-83f0-bf8db37bde09);2
480;AgentSecurity(1d409daf-d793-4bd6-83f0-bf8db37bde09);2
490;AgentSecurity(1d409daf-d793-4bd6-83f0-bf8db37bde09);2
500;AgentSecurity(1d409daf-d793-4bd6-83f0-bf8db37bde09);2
0;AgentSecurity(8cd6c729-9100-4005-a2a3-136ccd094ece);0
10;AgentSecurity(8cd6c729-9100-4005-a2a3-136ccd094ece);0
20;AgentSecurity(8cd6c729-9100-4005-a2a3-136ccd094ece);0
30;AgentSecurity(8cd6c729-9100-4005-a2a3-136ccd094ece);0
40;AgentSecurity(8cd6c729-9100-4005-a2a3-136ccd094ece);0
50;AgentSecurity(8cd6c729-9100-4005-a2a3-136ccd094ece);0
60;AgentSecurity(8cd6c729-9100-4005-a2a3-136ccd094ece);0
70;AgentSecurity(8cd6c729-9100-4005-a2a3-136ccd094ece);0
80;AgentSecurity(8cd6c729-9100-4005-a2a3-136ccd094ece);0
90;AgentSecurity(8cd6c729-9100-4005-a2a3-136ccd094ece);0
100;AgentSecurity(8cd6c729-9100-4005-a2a3-136ccd094ece);0
110;AgentSecurity(8cd6c729-9100-4005-a2a3-136ccd094ece);0
120;AgentSecurity(8cd6c729-9100-4005-a2a3-136ccd094ece);0
130;AgentSecurity(8cd6c729-9100-4005-a2a3-136ccd094ece);0
140;AgentSecurity(8cd6c729-9100-4005-a2a3-136ccd094ece);0
150;AgentSecurity(8cd6c729-9100-4005-a2a3-136ccd094ece);0
160;AgentSecurity(8cd6c729-9100-4005-a2a3-136ccd094ece);0
170;AgentSecurity(8cd6c729-9100-4005-a2a3-136ccd094ece);0
180;AgentSecurity(8cd6c729-9100-4005-a2a3-136ccd094ece);0
190;AgentSecurity(8cd6c729-9100-4005-a2a3-136ccd094ece);0
200;AgentSecurity(8cd6c729-9100-4005-a2a3-136ccd094ece);0
210;AgentSecurity(8cd6c729-9100-4005-a2a3-136ccd094ece);0
220;AgentSecurity(8cd6c729-9100-4005-a2a3-136ccd094ece);0
230;AgentSecurity(8cd6c729-9100-4005-a2a3-136ccd094ece);0
240;AgentSecurity(8cd6c729-9100-4005-a2a3-136ccd094ece);0
250;AgentSecurity(8cd6c729-9100-4005-a2a3-136ccd094ece);0
260;AgentSecurity(8cd6c729-9100-4005-a2a3-136ccd094ece);0
270;AgentSecurity(8cd6c729-9100-4005-a2a3-136ccd094ece);0
280;AgentSecurity(8cd6c729-9100-4005-a2a3-136ccd094ece);0
290;AgentSecurity(8cd6c729-9100-4005-a2a3-136ccd094ece);2
300;AgentSecurity(8cd6c729-9100-4005-a2a3-136ccd094ece);2
310;AgentSecurity(8cd6c729-9100-4005-a2a3-136ccd094ece);2
320;AgentSecurity(8cd6c729-9100-4005-a2a3-136ccd094ece);2
330;AgentSecurity(8cd6c729-9100-4005-a2a3-136ccd094ece);2
340;AgentSecurity(8cd6c729-9100-4005-a2a3-136ccd094ece);2
350;AgentSecurity(8cd6c729-9100-4005-a2a3-136ccd094ece);2
360;AgentSecurity(8cd6c729-9100-4005-a2a3-136ccd094ece);2
370;AgentSecurity(8cd6c729-9100-4005-a2a3-136ccd094ece);2
380;AgentSecurity(8cd6c729-9100-4005-a2a3-136ccd094ece);2
390;AgentSecurity(8cd6c729-9100-4005-a2a3-136ccd094ece);2
400;AgentSecurity(8cd6c729-9100-4005-a2a3-136ccd094ece);2
410;AgentSecurity(8cd6c729-9100-4005-a2a3-136ccd094ece);2
420;AgentSecurity(8cd6c729-9100-4005-a2a3-136ccd094ece);2
430;AgentSecurity(8cd6c729-9100-4005-a2a3-136ccd094ece);2
440;AgentSecurity(8cd6c729-9100-4005-a2a3-136ccd094ece);2
450;AgentSecurity(8cd6c729-9100-4005-a2a3-136ccd094ece);2
460;AgentSecurity(8cd6c729-9100-4005-a2a3-136ccd094ece);2
470;AgentSecurity(8cd6c729-9100-4005-a2a3-136ccd094ece);2
480;AgentSecurity(8cd6c729-9100-4005-a2a3-136ccd094ece);2
490;AgentSecurity(8cd6c729-9100-4005-a2a3-136ccd094ece);2
500;AgentSecurity(8cd6c729-9100-4005-a2a3-136ccd094ece);2
0;AgentSecurity(b1d38f0b-f1af-47dc-96af-5fb918c908ff);0
10;AgentSecurity(b1d38f0b-f1af-47dc-96af-5fb918c908ff);0
20;AgentSecurity(b1d38f0b-f1af-47dc-96af-5fb918c908ff);0
30;AgentSecurity(b1d38f0b-f1af-47dc-96af-5fb918c908ff);0
40;AgentSecurity(b1d38f0b-f1af-47dc-96af-5fb918c908ff);0
50;AgentSecurity(b1d38f0b-f1af-47dc-96af-5fb918c908ff);0
60;AgentSecurity(b1d38f0b-f1af-47dc-96af-5fb918c908ff);0
70;AgentSecurity(b1d38f0b-f1af-47dc-96af-5fb918c908ff);0
80;AgentSecurity(b1d38f0b-f1af-47dc-96af-5fb918c908ff);0
90;AgentSecurity(b1d38f0b-f1af-47dc-96af-5fb918c908ff);0
100;AgentSecurity(b1d38f0b-f1af-47dc-96af-5fb918c908ff);0
110;AgentSecurity(b1d38f0b-f1af-47dc-96af-5fb918c908ff);0
120;AgentSecurity(b1d38f0b-f1af-47dc-96af-5fb918c908ff);0
130;AgentSecurity(b1d38f0b-f1af-47dc-96af-5fb918c908ff);0
140;AgentSecurity(b1d38f0b-f1af-47dc-96af-5fb918c908ff);0
150;AgentSecurity(b1d38f0b-f1af-47dc-96af-5fb918c908ff);0
160;AgentSecurity(b1d38f0b-f1af-47dc-96af-5fb918c908ff);0
170;AgentSecurity(b1d38f0b-f1af-47dc-96af-5fb918c908ff);0
180;AgentSecurity(b1d38f0b-f1af-47dc-96af-5fb918c908ff);0
190;AgentSecurity(b1d38f0b-f1af-47dc-96af-5fb918c908ff);0
200;AgentSecurity(b1d38f0b-f1af-47dc-96af-5fb918c908ff);0
210;AgentSecurity(b1d38f0b-f1af-47dc-96af-5fb918c908ff);0
220;AgentSecurity(b1d38f0b-f1af-47dc-96af-5fb918c908ff);0
230;AgentSecurity(b1d38f0b-f1af-47dc-96af-5fb918c908ff);0
240;AgentSecurity(b1d38f0b-f1af-47dc-96af-5fb918c908ff);0
250;AgentSecurity(b1d38f0b-f1af-47dc-96af-5fb918c908ff);0
260;AgentSecurity(b1d38f0b-f1af-47dc-96af-5fb918c908ff);0
270;AgentSecurity(b1d38f0b-f1af-47dc-96af-5fb918c908ff);0
280;AgentSecurity(b1d38f0b-f1af-47dc-96af-5fb918c908ff);0
290;AgentSecurity(b1d38f0b-f1af-47dc-96af-5fb918c908ff);2
300;AgentSecurity(b1d38f0b-f1af-47dc-96af-5fb918c908ff);2
310;AgentSecurity(b1d38f0b-f1af-47dc-96af-5fb918c908ff);2
320;AgentSecurity(b1d38f0b-f1af-47dc-96af-5fb918c908ff);2
330;AgentSecurity(b1d38f0b-f1af-47dc-96af-5fb918c908ff);2
340;AgentSecurity(b1d38f0b-f1af-47dc-96af-5fb918c908ff);2
350;AgentSecurity(b1d38f0b-f1af-47dc-96af-5fb918c908ff);2
360;AgentSecurity(b1d38f0b-f1af-47dc-96af-5fb918c908ff);2
370;AgentSecurity(b1d38f0b-f1af-47dc-96af-5fb918c908ff);2
380;AgentSecurity(b1d38f0b-f1af-47dc-96af-5fb918c908ff);2
390;AgentSecurity(b1d38f0b-f1af-47dc-96af-5fb918c908ff);2
400;AgentSecurity(b1d38f0b-f1af-47dc-96af-5fb918c908ff);2
410;AgentSecurity(b1d38f0b-f1af-47dc-96af-5fb918c908ff);2
420;AgentSecurity(b1d38f0b-f1af-47dc-96af-5fb918c908ff);2
430;AgentSecurity(b1d38f0b-f1af-47dc-96af-5fb918c908ff);2
440;AgentSecurity(b1d38f0b-f1af-47dc-96af-5fb918c908ff);2
450;AgentSecurity(b1d38f0b-f1af-47dc-96af-5fb918c908ff);2
460;AgentSecurity(b1d38f0b-f1af-47dc-96af-5fb918c908ff);2
470;AgentSecurity(b1d38f0b-f1af-47dc-96af-5fb918c908ff);2
480;AgentSecurity(b1d38f0b-f1af-47dc-96af-5fb918c908ff);2
490;AgentSecurity(b1d38f0b-f1af-47dc-96af-5fb918c908ff);2
500;AgentSecurity(b1d38f0b-f1af-47dc-96af-5fb918c908ff);2
0;AgentSecurity(72deefe3-3566-499c-b522-be476b07cc1a);0
10;AgentSecurity(72deefe3-3566-499c-b522-be476b07cc1a);0
20;AgentSecurity(72deefe3-3566-499c-b522-be476b07cc1a);0
30;AgentSecurity(72deefe3-3566-499c-b522-be476b07cc1a);0
40;AgentSecurity(72deefe3-3566-499c-b522-be476b07cc1a);0
50;AgentSecurity(72deefe3-3566-499c-b522-be476b07cc1a);0
60;AgentSecurity(72deefe3-3566-499c-b522-be476b07cc1a);0
70;AgentSecurity(72deefe3-3566-499c-b522-be476b07cc1a);0
80;AgentSecurity(72deefe3-3566-499c-b522-be476b07cc1a);0
90;AgentSecurity(72deefe3-3566-499c-b522-be476b07cc1a);0
100;AgentSecurity(72deefe3-3566-499c-b522-be476b07cc1a);0
110;AgentSecurity(72deefe3-3566-499c-b522-be476b07cc1a);0
120;AgentSecurity(72deefe3-3566-499c-b522-be476b07cc1a);0
130;AgentSecurity(72deefe3-3566-499c-b522-be476b07cc1a);0
140;AgentSecurity(72deefe3-3566-499c-b522-be476b07cc1a);0
150;AgentSecurity(72deefe3-3566-499c-b522-be476b07cc1a);0
160;AgentSecurity(72deefe3-3566-499c-b522-be476b07cc1a);0
170;AgentSecurity(72deefe3-3566-499c-b522-be476b07cc1a);0
180;AgentSecurity(72deefe3-3566-499c-b522-be476b07cc1a);0
190;AgentSecurity(72deefe3-3566-499c-b522-be476b07cc1a);0
200;AgentSecurity(72deefe3-3566-499c-b522-be476b07cc1a);0
210;AgentSecurity(72deefe3-3566-499c-b522-be476b07cc1a);0
220;AgentSecurity(72deefe3-3566-499c-b522-be476b07cc1a);0
230;AgentSecurity(72deefe3-3566-499c-b522-be476b07cc1a);0
240;AgentSecurity(72deefe3-3566-499c-b522-be476b07cc1a);0
250;AgentSecurity(72deefe3-3566-499c-b522-be476b07cc1a);0
260;AgentSecurity(72deefe3-3566-499c-b522-be476b07cc1a);0
270;AgentSecurity(72deefe3-3566-499c-b522-be476b07cc1a);0
280;AgentSecurity(72deefe3-3566-499c-b522-be476b07cc1a);0
290;AgentSecurity(72deefe3-3566-499c-b522-be476b07cc1a);2
300;AgentSecurity(72deefe3-3566-499c-b522-be476b07cc1a);2
310;AgentSecurity(72deefe3-3566-499c-b522-be476b07cc1a);2
320;AgentSecurity(72deefe3-3566-499c-b522-be476b07cc1a);2
330;AgentSecurity(72deefe3-3566-499c-b522-be476b07cc1a);2
340;AgentSecurity(72deefe3-3566-499c-b522-be476b07cc1a);2
350;AgentSecurity(72deefe3-3566-499c-b522-be476b07cc1a);2
360;AgentSecurity(72deefe3-3566-499c-b522-be476b07cc1a);2
370;AgentSecurity(72deefe3-3566-499c-b522-be476b07cc1a);2
380;AgentSecurity(72deefe3-3566-499c-b522-be476b07cc1a);2
390;AgentSecurity(72deefe3-3566-499c-b522-be476b07cc1a);2
400;AgentSecurity(72deefe3-3566-499c-b522-be476b07cc1a);2
410;AgentSecurity(72deefe3-3566-499c-b522-be476b07cc1a);2
420;AgentSecurity(72deefe3-3566-499c-b522-be476b07cc1a);2
430;AgentSecurity(72deefe3-3566-499c-b522-be476b07cc1a);2
440;AgentSecurity(72deefe3-3566-499c-b522-be476b07cc1a);2
450;AgentSecurity(72deefe3-3566-499c-b522-be476b07cc1a);2
460;AgentSecurity(72deefe3-3566-499c-b522-be476b07cc1a);2
470;AgentSecurity(72deefe3-3566-499c-b522-be476b07cc1a);2
480;AgentSecurity(72deefe3-3566-499c-b522-be476b07cc1a);2
490;AgentSecurity(72deefe3-3566-499c-b522-be476b07cc1a);2
500;AgentSecurity(72deefe3-3566-499c-b522-be476b07cc1a);2
0;AgentSecurity(e980b0f3-9107-4bdd-8eda-00248c750d15);0
10;AgentSecurity(e980b0f3-9107-4bdd-8eda-00248c750d15);1
20;AgentSecurity(e980b0f3-9107-4bdd-8eda-00248c750d15);2
30;AgentSecurity(e980b0f3-9107-4bdd-8eda-00248c750d15);2
40;AgentSecurity(e980b0f3-9107-4bdd-8eda-00248c750d15);0
50;AgentSecurity(e980b0f3-9107-4bdd-8eda-00248c750d15);1
60;AgentSecurity(e980b0f3-9107-4bdd-8eda-00248c750d15);10
70;AgentSecurity(e980b0f3-9107-4bdd-8eda-00248c750d15);9
80;AgentSecurity(e980b0f3-9107-4bdd-8eda-00248c750d15);5
90;AgentSecurity(e980b0f3-9107-4bdd-8eda-00248c750d15);20
100;AgentSecurity(e980b0f3-9107-4bdd-8eda-00248c750d15);17
110;AgentSecurity(e980b0f3-9107-4bdd-8eda-00248c750d15);25
120;AgentSecurity(e980b0f3-9107-4bdd-8eda-00248c750d15);22
130;AgentSecurity(e980b0f3-9107-4bdd-8eda-00248c750d15);19
140;AgentSecurity(e980b0f3-9107-4bdd-8eda-00248c750d15);18
150;AgentSecurity(e980b0f3-9107-4bdd-8eda-00248c750d15);24
160;AgentSecurity(e980b0f3-9107-4bdd-8eda-00248c750d15);23
170;AgentSecurity(e980b0f3-9107-4bdd-8eda-00248c750d15);23
180;AgentSecurity(e980b0f3-9107-4bdd-8eda-00248c750d15);21
190;AgentSecurity(e980b0f3-9107-4bdd-8eda-00248c750d15);21
200;AgentSecurity(e980b0f3-9107-4bdd-8eda-00248c750d15);23
210;AgentSecurity(e980b0f3-9107-4bdd-8eda-00248c750d15);29
220;AgentSecurity(e980b0f3-9107-4bdd-8eda-00248c750d15);31
230;AgentSecurity(e980b0f3-9107-4bdd-8eda-00248c750d15);42
240;AgentSecurity(e980b0f3-9107-4bdd-8eda-00248c750d15);42
250;AgentSecurity(e980b0f3-9107-4bdd-8eda-00248c750d15);38
260;AgentSecurity(e980b0f3-9107-4bdd-8eda-00248c750d15);37
270;AgentSecurity(e980b0f3-9107-4bdd-8eda-00248c750d15);34
280;AgentSecurity(e980b0f3-9107-4bdd-8eda-00248c750d15);44
290;AgentSecurity(e980b0f3-9107-4bdd-8eda-00248c750d15);49
300;AgentSecurity(e980b0f3-9107-4bdd-8eda-00248c750d15);46
310;AgentSecurity(e980b0f3-9107-4bdd-8eda-00248c750d15);42
320;AgentSecurity(e980b0f3-9107-4bdd-8eda-00248c750d15);37
330;AgentSecurity(e980b0f3-9107-4bdd-8eda-00248c750d15);30
340;AgentSecurity(e980b0f3-9107-4bdd-8eda-00248c750d15);26
350;AgentSecurity(e980b0f3-9107-4bdd-8eda-00248c750d15);26
360;AgentSecurity(e980b0f3-9107-4bdd-8eda-00248c750d15);26
370;AgentSecurity(e980b0f3-9107-4bdd-8eda-00248c750d15);26
380;AgentSecurity(e980b0f3-9107-4bdd-8eda-00248c750d15);26
390;AgentSecurity(e980b0f3-9107-4bdd-8eda-00248c750d15);26
400;AgentSecurity(e980b0f3-9107-4bdd-8eda-00248c750d15);26
410;AgentSecurity(e980b0f3-9107-4bdd-8eda-00248c750d15);26
420;AgentSecurity(e980b0f3-9107-4bdd-8eda-00248c750d15);26
430;AgentSecurity(e980b0f3-9107-4bdd-8eda-00248c750d15);20
440;AgentSecurity(e980b0f3-9107-4bdd-8eda-00248c750d15);13
450;AgentSecurity(e980b0f3-9107-4bdd-8eda-00248c750d15);10
460;AgentSecurity(e980b0f3-9107-4bdd-8eda-00248c750d15);7
470;AgentSecurity(e980b0f3-9107-4bdd-8eda-00248c750d15);7
480;AgentSecurity(e980b0f3-9107-4bdd-8eda-00248c750d15);7
490;AgentSecurity(e980b0f3-9107-4bdd-8eda-00248c750d15);7
500;AgentSecurity(e980b0f3-9107-4bdd-8eda-00248c750d15);7
0;AgentSecurity(c4c1320e-d9ec-428e-abb7-d8f27ace61b8);0
10;AgentSecurity(c4c1320e-d9ec-428e-abb7-d8f27ace61b8);0
20;AgentSecurity(c4c1320e-d9ec-428e-abb7-d8f27ace61b8);2
30;AgentSecurity(c4c1320e-d9ec-428e-abb7-d8f27ace61b8);1
40;AgentSecurity(c4c1320e-d9ec-428e-abb7-d8f27ace61b8);0
50;AgentSecurity(c4c1320e-d9ec-428e-abb7-d8f27ace61b8);1
60;AgentSecurity(c4c1320e-d9ec-428e-abb7-d8f27ace61b8);10
70;AgentSecurity(c4c1320e-d9ec-428e-abb7-d8f27ace61b8);8
80;AgentSecurity(c4c1320e-d9ec-428e-abb7-d8f27ace61b8);6
90;AgentSecurity(c4c1320e-d9ec-428e-abb7-d8f27ace61b8);20
100;AgentSecurity(c4c1320e-d9ec-428e-abb7-d8f27ace61b8);17
110;AgentSecurity(c4c1320e-d9ec-428e-abb7-d8f27ace61b8);25
120;AgentSecurity(c4c1320e-d9ec-428e-abb7-d8f27ace61b8);22
130;AgentSecurity(c4c1320e-d9ec-428e-abb7-d8f27ace61b8);20
140;AgentSecurity(c4c1320e-d9ec-428e-abb7-d8f27ace61b8);17
150;AgentSecurity(c4c1320e-d9ec-428e-abb7-d8f27ace61b8);25
160;AgentSecurity(c4c1320e-d9ec-428e-abb7-d8f27ace61b8);23
170;AgentSecurity(c4c1320e-d9ec-428e-abb7-d8f27ace61b8);22
180;AgentSecurity(c4c1320e-d9ec-428e-abb7-d8f27ace61b8);23
190;AgentSecurity(c4c1320e-d9ec-428e-abb7-d8f27ace61b8);20
200;AgentSecurity(c4c1320e-d9ec-428e-abb7-d8f27ace61b8);23
210;AgentSecurity(c4c1320e-d9ec-428e-abb7-d8f27ace61b8);29
220;AgentSecurity(c4c1320e-d9ec-428e-abb7-d8f27ace61b8);31
230;AgentSecurity(c4c1320e-d9ec-428e-abb7-d8f27ace61b8);43
240;AgentSecurity(c4c1320e-d9ec-428e-abb7-d8f27ace61b8);43
250;AgentSecurity(c4c1320e-d9ec-428e-abb7-d8f27ace61b8);39
260;AgentSecurity(c4c1320e-d9ec-428e-abb7-d8f27ace61b8);37
270;AgentSecurity(c4c1320e-d9ec-428e-abb7-d8f27ace61b8);36
280;AgentSecurity(c4c1320e-d9ec-428e-abb7-d8f27ace61b8);45
290;AgentSecurity(c4c1320e-d9ec-428e-abb7-d8f27ace61b8);49
300;AgentSecurity(c4c1320e-d9ec-428e-abb7-d8f27ace61b8);45
310;AgentSecurity(c4c1320e-d9ec-428e-abb7-d8f27ace61b8);41
320;AgentSecurity(c4c1320e-d9ec-428e-abb7-d8f27ace61b8);37
330;AgentSecurity(c4c1320e-d9ec-428e-abb7-d8f27ace61b8);31
340;AgentSecurity(c4c1320e-d9ec-428e-abb7-d8f27ace61b8);25
350;AgentSecurity(c4c1320e-d9ec-428e-abb7-d8f27ace61b8);25
360;AgentSecurity(c4c1320e-d9ec-428e-abb7-d8f27ace61b8);25
370;AgentSecurity(c4c1320e-d9ec-428e-abb7-d8f27ace61b8);25
380;AgentSecurity(c4c1320e-d9ec-428e-abb7-d8f27ace61b8);25
390;AgentSecurity(c4c1320e-d9ec-428e-abb7-d8f27ace61b8);25
400;AgentSecurity(c4c1320e-d9ec-428e-abb7-d8f27ace61b8);25
410;AgentSecurity(c4c1320e-d9ec-428e-abb7-d8f27ace61b8);25
420;AgentSecurity(c4c1320e-d9ec-428e-abb7-d8f27ace61b8);25
430;AgentSecurity(c4c1320e-d9ec-428e-abb7-d8f27ace61b8);19
440;AgentSecurity(c4c1320e-d9ec-428e-abb7-d8f27ace61b8);14
450;AgentSecurity(c4c1320e-d9ec-428e-abb7-d8f27ace61b8);11
460;AgentSecurity(c4c1320e-d9ec-428e-abb7-d8f27ace61b8);8
470;AgentSecurity(c4c1320e-d9ec-428e-abb7-d8f27ace61b8);1
480;AgentSecurity(c4c1320e-d9ec-428e-abb7-d8f27ace61b8);0
490;AgentSecurity(c4c1320e-d9ec-428e-abb7-d8f27ace61b8);0
500;AgentSecurity(c4c1320e-d9ec-428e-abb7-d8f27ace61b8);0
